id_order;created_at;id_store
1;1/1/2022 09:07;6
2;1/1/2022 07:26;1
3;2/1/2022 10:19;1
4;2/1/2022 07:55;2
5;2/1/2022 07:40;5
6;2/1/2022 11:16;4
7;3/1/2022 11:45;11
8;3/1/2022 08:24;10
9;3/1/2022 10:04;6
10;3/1/2022 10:33;12
11;3/1/2022 08:38;2
12;4/1/2022 09:36;4
13;4/1/2022 07:26;11
14;4/1/2022 09:21;6
15;5/1/2022 11:31;1
16;5/1/2022 10:19;2
17;5/1/2022 09:21;12
18;5/1/2022 09:36;5
19;5/1/2022 10:19;3
20;5/1/2022 08:09;8
21;6/1/2022 08:38;12
22;6/1/2022 07:55;6
23;6/1/2022 08:52;7
24;6/1/2022 10:19;12
25;6/1/2022 07:12;7
26;7/1/2022 07:40;11
27;8/1/2022 08:38;8
28;9/1/2022 09:50;9
29;9/1/2022 07:40;7
30;9/1/2022 07:12;5
31;10/1/2022 07:12;10
32;11/1/2022 07:40;1
33;12/1/2022 10:48;6
34;12/1/2022 09:36;7
35;13/1/2022 11:45;4
36;12/1/2022 11:02;1
37;13/1/2022 09:50;12
38;13/1/2022 09:21;4
39;13/1/2022 07:55;9
40;14/1/2022 09:36;11
41;14/1/2022 08:38;11
42;15/1/2022 08:09;7
43;15/1/2022 07:26;9
44;16/1/2022 11:02;2
45;17/1/2022 09:50;1
46;16/1/2022 11:45;7
47;16/1/2022 11:31;5
48;17/1/2022 10:19;9
49;18/1/2022 09:07;1
50;19/1/2022 07:40;11
51;18/1/2022 10:33;7
52;19/1/2022 09:50;11
53;19/1/2022 07:12;8
54;19/1/2022 11:45;5
55;19/1/2022 09:36;6
56;21/1/2022 08:24;9
57;20/1/2022 08:52;13
58;20/1/2022 07:26;2
59;21/1/2022 11:02;13
60;21/1/2022 08:52;5
61;22/1/2022 07:55;12
62;22/1/2022 07:40;6
63;24/1/2022 07:40;10
64;24/1/2022 08:24;12
65;24/1/2022 11:02;4
66;24/1/2022 11:02;9
67;24/1/2022 07:26;3
68;24/1/2022 09:07;10
69;24/1/2022 12:00;13
70;24/1/2022 11:45;7
71;25/1/2022 09:50;9
72;25/1/2022 07:26;8
73;25/1/2022 09:07;6
74;25/1/2022 07:55;5
75;25/1/2022 11:45;2
76;26/1/2022 10:33;4
77;26/1/2022 09:21;1
78;26/1/2022 08:52;11
79;26/1/2022 07:26;12
80;26/1/2022 09:21;7
81;26/1/2022 09:36;4
82;26/1/2022 11:02;3
83;27/1/2022 08:24;2
84;27/1/2022 11:02;12
85;28/1/2022 10:19;7
86;28/1/2022 09:07;3
87;28/1/2022 07:26;7
88;29/1/2022 10:04;8
89;29/1/2022 10:33;4
90;30/1/2022 10:33;7
91;29/1/2022 09:21;13
92;29/1/2022 09:07;1
93;29/1/2022 09:50;11
94;30/1/2022 08:24;10
95;30/1/2022 10:04;13
96;30/1/2022 08:38;5
97;31/1/2022 08:38;12
98;31/1/2022 11:16;8
99;1/2/2022 07:12;2
100;1/2/2022 07:26;7
101;1/2/2022 08:52;9
102;2/2/2022 08:52;3
103;2/2/2022 10:19;13
104;2/2/2022 08:38;7
105;2/2/2022 11:16;2
106;2/2/2022 08:24;3
107;3/2/2022 09:50;1
108;3/2/2022 12:00;7
109;3/2/2022 09:36;8
110;3/2/2022 09:21;10
111;3/2/2022 11:16;2
112;3/2/2022 07:26;4
113;4/2/2022 09:36;8
114;4/2/2022 08:52;11
115;4/2/2022 07:40;9
116;4/2/2022 10:19;9
117;5/2/2022 08:52;10
118;6/2/2022 11:45;4
119;5/2/2022 11:02;8
120;6/2/2022 10:19;11
121;6/2/2022 09:50;1
122;6/2/2022 11:02;9
123;6/2/2022 10:48;3
124;6/2/2022 10:33;10
125;7/2/2022 10:04;5
126;8/2/2022 08:24;10
127;8/2/2022 08:52;12
128;8/2/2022 09:07;13
129;8/2/2022 10:33;7
130;8/2/2022 09:36;4
131;10/2/2022 07:55;9
132;10/2/2022 08:09;10
133;10/2/2022 08:24;8
134;10/2/2022 08:24;10
135;11/2/2022 12:00;11
136;11/2/2022 10:48;2
137;12/2/2022 08:09;6
138;13/2/2022 07:26;6
139;13/2/2022 09:21;9
140;13/2/2022 10:19;6
141;13/2/2022 11:16;1
142;13/2/2022 07:12;7
143;13/2/2022 07:12;8
144;14/2/2022 11:31;12
145;14/2/2022 08:24;7
146;14/2/2022 11:02;10
147;15/2/2022 09:50;2
148;15/2/2022 07:55;9
149;15/2/2022 09:07;7
150;16/2/2022 07:55;1
151;17/2/2022 10:48;3
152;17/2/2022 09:07;11
153;17/2/2022 11:16;11
154;17/2/2022 10:04;3
155;17/2/2022 08:38;8
156;18/2/2022 07:40;4
157;18/2/2022 11:45;5
158;19/2/2022 08:09;6
159;19/2/2022 11:02;1
160;19/2/2022 11:31;7
161;19/2/2022 09:50;8
162;20/2/2022 11:02;3
163;20/2/2022 11:02;5
164;21/2/2022 08:38;12
165;21/2/2022 07:40;4
166;21/2/2022 08:38;11
167;21/2/2022 10:33;8
168;21/2/2022 08:09;5
169;21/2/2022 09:21;3
170;22/2/2022 10:33;13
171;22/2/2022 11:16;13
172;22/2/2022 07:12;8
173;22/2/2022 07:26;13
174;23/2/2022 11:31;5
175;23/2/2022 08:38;11
176;23/2/2022 07:40;6
177;23/2/2022 10:48;1
178;23/2/2022 09:21;12
179;23/2/2022 08:24;6
180;23/2/2022 07:12;3
181;24/2/2022 10:04;3
182;25/2/2022 11:31;6
183;25/2/2022 11:16;11
184;25/2/2022 09:36;4
185;25/2/2022 12:00;12
186;26/2/2022 08:38;8
187;26/2/2022 08:38;8
188;26/2/2022 08:52;3
189;26/2/2022 07:12;1
190;26/2/2022 07:26;4
191;26/2/2022 09:07;7
192;27/2/2022 11:45;10
193;27/2/2022 08:24;4
194;28/2/2022 07:40;10
195;28/2/2022 08:24;3
196;1/3/2022 07:55;7
197;1/3/2022 10:48;8
198;2/3/2022 07:55;10
199;2/3/2022 11:16;6
200;2/3/2022 12:00;5
201;2/3/2022 11:02;12
202;3/3/2022 12:00;10
203;3/3/2022 08:52;6
204;3/3/2022 10:48;2
205;3/3/2022 10:19;13
206;4/3/2022 08:24;1
207;4/3/2022 08:38;11
208;4/3/2022 11:02;8
209;4/3/2022 10:04;10
210;5/3/2022 11:16;9
211;6/3/2022 08:24;3
212;6/3/2022 11:16;13
213;7/3/2022 08:52;10
214;7/3/2022 11:31;5
215;7/3/2022 11:02;4
216;8/3/2022 07:12;8
217;8/3/2022 10:33;10
218;8/3/2022 08:38;13
219;11/3/2022 12:00;4
220;10/3/2022 07:26;7
221;11/3/2022 10:19;3
222;11/3/2022 11:16;8
223;11/3/2022 09:21;9
224;11/3/2022 11:02;6
225;11/3/2022 07:40;7
226;11/3/2022 08:38;3
227;12/3/2022 07:12;4
228;13/3/2022 08:38;3
229;14/3/2022 10:19;1
230;14/3/2022 08:38;9
231;15/3/2022 08:24;6
232;15/3/2022 07:26;8
233;15/3/2022 08:09;3
234;15/3/2022 10:33;9
235;16/3/2022 07:26;2
236;16/3/2022 08:38;11
237;16/3/2022 08:38;13
238;16/3/2022 07:12;7
239;16/3/2022 07:40;2
240;17/3/2022 09:21;7
241;17/3/2022 10:48;13
242;18/3/2022 08:24;1
243;18/3/2022 12:00;9
244;18/3/2022 08:24;11
245;18/3/2022 11:45;6
246;18/3/2022 07:55;1
247;18/3/2022 09:50;13
248;19/3/2022 07:12;10
249;19/3/2022 09:21;9
250;19/3/2022 08:24;4
251;20/3/2022 11:31;7
252;20/3/2022 08:52;9
253;20/3/2022 10:48;1
254;20/3/2022 07:12;4
255;20/3/2022 08:24;3
256;20/3/2022 10:33;2
257;21/3/2022 09:36;3
258;21/3/2022 10:33;6
259;21/3/2022 10:48;12
260;23/3/2022 08:38;8
261;22/3/2022 11:16;6
262;22/3/2022 11:16;12
263;23/3/2022 07:26;12
264;23/3/2022 11:45;1
265;23/3/2022 11:31;6
266;23/3/2022 10:19;9
267;24/3/2022 09:50;5
268;24/3/2022 10:04;2
269;24/3/2022 08:52;7
270;24/3/2022 07:12;11
271;25/3/2022 09:07;6
272;25/3/2022 10:04;8
273;25/3/2022 08:38;6
274;26/3/2022 09:50;12
275;27/3/2022 08:24;13
276;27/3/2022 07:40;1
277;28/3/2022 09:21;8
278;27/3/2022 08:52;9
279;27/3/2022 08:52;6
280;27/3/2022 10:48;2
281;28/3/2022 12:00;6
282;28/3/2022 10:04;7
283;29/3/2022 10:04;12
284;29/3/2022 08:52;13
285;29/3/2022 08:52;3
286;29/3/2022 07:55;9
287;30/3/2022 08:24;2
288;30/3/2022 08:24;4
289;30/3/2022 08:38;1
290;30/3/2022 08:38;11
291;30/3/2022 07:40;1
292;31/3/2022 11:31;2
293;31/3/2022 09:07;1
294;31/3/2022 08:52;1
295;1/4/2022 08:09;8
296;1/4/2022 11:31;4
297;1/4/2022 11:16;9
298;2/4/2022 07:12;11
299;2/4/2022 08:52;8
300;3/4/2022 07:40;9
301;3/4/2022 11:02;5
302;3/4/2022 11:02;12
303;4/4/2022 07:12;2
304;4/4/2022 07:12;9
305;5/4/2022 11:16;10
306;5/4/2022 08:38;10
307;5/4/2022 08:24;6
308;5/4/2022 08:24;13
309;6/4/2022 10:48;1
310;6/4/2022 10:19;6
311;8/4/2022 11:02;10
312;7/4/2022 07:55;3
313;7/4/2022 11:31;4
314;8/4/2022 07:26;7
315;7/4/2022 09:21;5
316;8/4/2022 07:55;12
317;7/4/2022 07:40;1
318;8/4/2022 11:45;13
319;8/4/2022 12:00;5
320;8/4/2022 10:04;12
321;9/4/2022 09:36;11
322;10/4/2022 10:04;5
323;10/4/2022 08:24;2
324;9/4/2022 08:24;4
325;9/4/2022 08:09;5
326;10/4/2022 10:48;2
327;10/4/2022 08:38;12
328;11/4/2022 07:40;13
329;11/4/2022 11:45;9
330;11/4/2022 10:19;7
331;12/4/2022 07:26;3
332;13/4/2022 07:26;4
333;13/4/2022 08:09;6
334;13/4/2022 09:36;5
335;13/4/2022 11:02;7
336;14/4/2022 12:00;4
337;14/4/2022 11:31;11
338;14/4/2022 08:38;10
339;14/4/2022 12:00;8
340;14/4/2022 08:38;5
341;15/4/2022 07:12;6
342;15/4/2022 12:00;13
343;15/4/2022 11:16;12
344;15/4/2022 07:40;13
345;17/4/2022 10:48;11
346;16/4/2022 10:33;9
347;16/4/2022 08:24;12
348;18/4/2022 08:52;7
349;17/4/2022 07:26;11
350;19/4/2022 10:19;5
351;18/4/2022 09:21;9
352;18/4/2022 11:45;3
353;19/4/2022 11:31;12
354;19/4/2022 11:02;5
355;19/4/2022 08:09;4
356;19/4/2022 11:02;8
357;19/4/2022 09:21;11
358;19/4/2022 11:16;9
359;20/4/2022 07:26;10
360;21/4/2022 11:31;13
361;21/4/2022 08:52;2
362;22/4/2022 07:26;1
363;21/4/2022 11:16;13
364;22/4/2022 07:40;1
365;22/4/2022 09:36;11
366;23/4/2022 11:02;6
367;23/4/2022 09:07;2
368;23/4/2022 07:26;12
369;24/4/2022 12:00;3
370;23/4/2022 12:00;4
371;23/4/2022 08:24;10
372;23/4/2022 11:02;8
373;23/4/2022 08:24;3
374;23/4/2022 07:26;5
375;24/4/2022 07:26;11
376;24/4/2022 11:31;1
377;24/4/2022 10:04;9
378;24/4/2022 10:48;11
379;25/4/2022 08:38;5
380;25/4/2022 10:04;2
381;25/4/2022 08:38;13
382;26/4/2022 09:50;8
383;26/4/2022 11:02;5
384;26/4/2022 11:16;1
385;27/4/2022 07:55;8
386;28/4/2022 07:40;6
387;27/4/2022 07:40;2
388;27/4/2022 10:33;13
389;27/4/2022 11:31;10
390;27/4/2022 11:45;1
391;28/4/2022 10:33;4
392;28/4/2022 08:38;7
393;28/4/2022 09:36;11
394;28/4/2022 11:16;13
395;29/4/2022 11:45;5
396;29/4/2022 07:26;9
397;29/4/2022 08:09;7
398;29/4/2022 09:07;2
399;29/4/2022 08:24;1
400;29/4/2022 10:04;9
401;29/4/2022 09:21;5
402;30/4/2022 11:45;3
403;30/4/2022 10:04;11
404;30/4/2022 10:48;5
405;30/4/2022 09:36;3
406;30/4/2022 08:09;11
407;1/5/2022 08:38;10
408;1/5/2022 07:55;13
409;1/5/2022 11:45;5
410;1/5/2022 09:50;2
411;2/5/2022 07:55;7
412;2/5/2022 11:31;11
413;2/5/2022 08:09;8
414;2/5/2022 09:36;4
415;2/5/2022 09:21;5
416;3/5/2022 11:31;6
417;3/5/2022 11:31;2
418;3/5/2022 07:26;3
419;3/5/2022 08:52;9
420;4/5/2022 10:48;12
421;4/5/2022 07:26;4
422;4/5/2022 11:16;5
423;4/5/2022 07:40;13
424;4/5/2022 09:50;3
425;5/5/2022 07:55;3
426;6/5/2022 10:48;10
427;6/5/2022 10:48;12
428;6/5/2022 10:48;10
429;7/5/2022 12:00;6
430;7/5/2022 08:24;11
431;7/5/2022 10:19;4
432;9/5/2022 09:07;13
433;8/5/2022 12:00;2
434;8/5/2022 08:09;11
435;8/5/2022 07:40;12
436;9/5/2022 09:50;1
437;9/5/2022 09:21;9
438;10/5/2022 10:04;4
439;10/5/2022 08:52;11
440;10/5/2022 11:02;8
441;10/5/2022 09:07;5
442;10/5/2022 08:38;12
443;10/5/2022 08:38;2
444;11/5/2022 12:00;1
445;11/5/2022 08:52;6
446;12/5/2022 07:12;12
447;12/5/2022 09:07;10
448;13/5/2022 11:45;4
449;13/5/2022 07:12;9
450;13/5/2022 10:33;1
451;13/5/2022 09:07;9
452;13/5/2022 11:16;7
453;13/5/2022 08:09;12
454;14/5/2022 10:48;5
455;14/5/2022 07:40;11
456;16/5/2022 12:00;3
457;16/5/2022 11:31;13
458;16/5/2022 10:19;8
459;17/5/2022 07:55;8
460;17/5/2022 11:02;7
461;18/5/2022 08:09;12
462;18/5/2022 11:02;10
463;18/5/2022 09:07;13
464;18/5/2022 09:50;3
465;20/5/2022 10:19;1
466;20/5/2022 11:45;11
467;20/5/2022 07:55;6
468;20/5/2022 09:07;2
469;20/5/2022 11:45;3
470;21/5/2022 11:31;8
471;21/5/2022 10:33;5
472;21/5/2022 09:07;2
473;21/5/2022 09:21;13
474;21/5/2022 08:38;3
475;21/5/2022 09:21;2
476;21/5/2022 11:02;1
477;21/5/2022 07:12;2
478;23/5/2022 10:48;3
479;23/5/2022 08:52;13
480;23/5/2022 08:24;2
481;23/5/2022 08:09;12
482;23/5/2022 10:04;6
483;23/5/2022 07:26;1
484;24/5/2022 07:55;8
485;24/5/2022 09:50;1
486;25/5/2022 10:04;10
487;25/5/2022 08:09;11
488;25/5/2022 09:36;8
489;26/5/2022 08:24;5
490;26/5/2022 08:38;5
491;26/5/2022 10:48;3
492;26/5/2022 07:40;12
493;26/5/2022 10:33;13
494;26/5/2022 08:24;2
495;26/5/2022 11:45;10
496;27/5/2022 09:07;4
497;27/5/2022 09:50;6
498;27/5/2022 10:04;11
499;27/5/2022 09:21;13
500;27/5/2022 08:09;3
501;29/5/2022 08:52;7
502;29/5/2022 09:07;11
503;29/5/2022 10:04;13
504;29/5/2022 07:12;11
505;29/5/2022 07:12;12
506;31/5/2022 09:36;7
507;31/5/2022 09:50;8
508;31/5/2022 09:07;10
509;1/6/2022 07:26;13
510;1/6/2022 08:52;12
511;3/6/2022 07:40;1
512;3/6/2022 09:36;2
513;3/6/2022 08:09;5
514;3/6/2022 08:52;6
515;4/6/2022 11:02;8
516;4/6/2022 10:19;8
517;4/6/2022 12:00;9
518;5/6/2022 10:48;9
519;6/6/2022 08:38;11
520;5/6/2022 07:40;4
521;5/6/2022 10:48;12
522;5/6/2022 07:55;7
523;6/6/2022 07:12;5
524;6/6/2022 11:45;11
525;6/6/2022 09:21;4
526;6/6/2022 09:21;12
527;7/6/2022 07:40;1
528;7/6/2022 07:12;3
529;7/6/2022 07:12;13
530;8/6/2022 12:00;7
531;7/6/2022 07:26;13
532;7/6/2022 10:04;4
533;7/6/2022 10:19;5
534;8/6/2022 08:38;4
535;8/6/2022 09:07;6
536;9/6/2022 08:24;3
537;8/6/2022 09:21;1
538;8/6/2022 08:38;10
539;9/6/2022 12:00;13
540;9/6/2022 11:45;11
541;9/6/2022 07:40;4
542;9/6/2022 11:16;6
543;10/6/2022 10:04;2
544;10/6/2022 12:00;1
545;10/6/2022 08:52;3
546;10/6/2022 10:04;13
547;11/6/2022 08:38;6
548;12/6/2022 11:02;13
549;11/6/2022 09:50;7
550;12/6/2022 10:19;4
551;12/6/2022 11:02;10
552;12/6/2022 10:48;6
553;12/6/2022 11:31;11
554;12/6/2022 11:45;2
555;12/6/2022 09:36;13
556;13/6/2022 09:21;2
557;13/6/2022 10:33;7
558;13/6/2022 10:19;10
559;13/6/2022 09:50;2
560;13/6/2022 08:38;9
561;14/6/2022 10:19;7
562;14/6/2022 11:02;8
563;14/6/2022 08:09;2
564;14/6/2022 12:00;9
565;15/6/2022 07:12;4
566;15/6/2022 07:40;13
567;15/6/2022 12:00;1
568;16/6/2022 07:12;6
569;16/6/2022 10:48;10
570;16/6/2022 07:40;4
571;16/6/2022 08:38;1
572;18/6/2022 11:45;8
573;18/6/2022 10:48;3
574;18/6/2022 09:36;8
575;18/6/2022 07:26;6
576;18/6/2022 11:02;2
577;19/6/2022 07:55;8
578;19/6/2022 08:09;13
579;19/6/2022 12:00;6
580;19/6/2022 11:16;3
581;20/6/2022 08:52;12
582;20/6/2022 09:50;1
583;20/6/2022 08:52;5
584;21/6/2022 10:33;12
585;22/6/2022 11:31;7
586;21/6/2022 08:38;2
587;21/6/2022 08:09;4
588;22/6/2022 10:04;4
589;25/6/2022 07:26;10
590;25/6/2022 09:50;9
591;25/6/2022 11:31;3
592;26/6/2022 08:09;5
593;26/6/2022 11:02;12
594;26/6/2022 07:12;2
595;26/6/2022 09:21;7
596;26/6/2022 11:31;6
597;27/6/2022 08:38;10
598;27/6/2022 11:31;8
599;27/6/2022 08:09;9
600;28/6/2022 08:09;7
601;29/6/2022 09:07;3
602;30/6/2022 09:36;1
603;30/6/2022 12:00;4
604;30/6/2022 11:02;12
605;30/6/2022 07:55;8
606;30/6/2022 07:26;13
607;1/7/2022 08:52;8
608;1/7/2022 08:24;2
609;1/7/2022 11:16;5
610;2/7/2022 09:36;11
611;2/7/2022 11:31;11
612;3/7/2022 11:02;11
613;3/7/2022 09:36;7
614;3/7/2022 09:36;9
615;3/7/2022 11:45;11
616;4/7/2022 09:21;3
617;4/7/2022 10:48;6
618;4/7/2022 10:33;13
619;4/7/2022 08:38;3
620;4/7/2022 08:52;8
621;5/7/2022 08:38;4
622;5/7/2022 10:19;10
623;5/7/2022 08:52;6
624;5/7/2022 10:33;5
625;6/7/2022 09:36;1
626;6/7/2022 09:50;6
627;6/7/2022 07:55;5
628;7/7/2022 09:50;6
629;7/7/2022 10:04;4
630;7/7/2022 08:24;8
631;7/7/2022 10:33;3
632;7/7/2022 09:21;7
633;8/7/2022 10:48;11
634;9/7/2022 09:36;1
635;9/7/2022 08:09;5
636;10/7/2022 11:31;1
637;10/7/2022 11:45;13
638;11/7/2022 12:00;11
639;11/7/2022 10:19;5
640;11/7/2022 08:52;13
641;11/7/2022 11:45;6
642;12/7/2022 07:26;5
643;13/7/2022 09:36;11
644;13/7/2022 09:50;1
645;13/7/2022 08:09;13
646;13/7/2022 08:24;7
647;14/7/2022 08:24;4
648;14/7/2022 09:07;3
649;14/7/2022 10:19;6
650;15/7/2022 11:02;8
651;16/7/2022 07:26;10
652;16/7/2022 08:38;9
653;16/7/2022 11:02;12
654;17/7/2022 11:45;3
655;17/7/2022 11:02;8
656;18/7/2022 08:24;10
657;18/7/2022 11:45;1
658;19/7/2022 07:12;4
659;19/7/2022 10:19;13
660;19/7/2022 07:26;8
661;19/7/2022 09:21;11
662;19/7/2022 11:02;10
663;20/7/2022 11:45;9
664;20/7/2022 07:12;3
665;21/7/2022 11:02;10
666;21/7/2022 11:16;13
667;21/7/2022 11:16;11
668;21/7/2022 11:02;9
669;22/7/2022 07:40;4
670;22/7/2022 07:12;2
671;22/7/2022 07:26;1
672;22/7/2022 07:12;4
673;23/7/2022 11:16;5
674;23/7/2022 10:33;4
675;23/7/2022 11:02;8
676;23/7/2022 11:31;13
677;23/7/2022 10:33;12
678;23/7/2022 11:31;1
679;24/7/2022 07:55;12
680;24/7/2022 11:45;4
681;24/7/2022 11:45;10
682;24/7/2022 08:24;4
683;24/7/2022 08:52;5
684;25/7/2022 07:40;9
685;25/7/2022 07:55;1
686;26/7/2022 11:45;8
687;26/7/2022 07:12;4
688;27/7/2022 09:50;1
689;27/7/2022 08:38;2
690;28/7/2022 07:26;12
691;28/7/2022 08:52;3
692;28/7/2022 11:02;4
693;29/7/2022 07:40;9
694;28/7/2022 09:21;8
695;29/7/2022 10:19;3
696;30/7/2022 07:55;10
697;30/7/2022 12:00;12
698;31/7/2022 08:38;1
699;31/7/2022 07:40;12
700;31/7/2022 09:07;5
701;1/8/2022 10:19;13
702;1/8/2022 11:45;9
703;1/8/2022 10:48;2
704;2/8/2022 08:38;10
705;2/8/2022 09:50;4
706;2/8/2022 07:12;10
707;2/8/2022 11:31;8
708;3/8/2022 09:21;13
709;3/8/2022 07:40;4
710;3/8/2022 08:24;11
711;3/8/2022 10:19;12
712;4/8/2022 10:33;10
713;5/8/2022 11:02;3
714;4/8/2022 08:52;12
715;5/8/2022 08:38;1
716;6/8/2022 09:36;4
717;6/8/2022 07:26;10
718;6/8/2022 09:21;3
719;6/8/2022 10:19;5
720;6/8/2022 09:07;13
721;6/8/2022 09:50;4
722;6/8/2022 09:21;13
723;7/8/2022 08:38;3
724;7/8/2022 11:16;4
725;7/8/2022 11:02;8
726;7/8/2022 11:02;2
727;10/8/2022 08:09;8
728;9/8/2022 09:21;5
729;9/8/2022 11:16;3
730;9/8/2022 09:50;9
731;9/8/2022 07:55;10
732;10/8/2022 12:00;1
733;10/8/2022 12:00;13
734;10/8/2022 08:24;11
735;10/8/2022 08:52;1
736;10/8/2022 07:12;3
737;10/8/2022 11:31;9
738;10/8/2022 08:09;6
739;10/8/2022 09:07;2
740;10/8/2022 11:16;5
741;10/8/2022 07:12;4
742;11/8/2022 11:45;9
743;12/8/2022 09:50;10
744;12/8/2022 07:26;12
745;13/8/2022 12:00;9
746;13/8/2022 09:50;2
747;14/8/2022 10:33;3
748;13/8/2022 09:21;10
749;13/8/2022 10:33;7
750;13/8/2022 08:38;11
751;13/8/2022 08:38;4
752;14/8/2022 07:12;9
753;14/8/2022 09:50;12
754;14/8/2022 09:50;11
755;14/8/2022 08:38;5
756;15/8/2022 10:48;9
757;15/8/2022 11:02;7
758;15/8/2022 10:48;4
759;17/8/2022 11:16;6
760;16/8/2022 12:00;8
761;17/8/2022 09:21;4
762;17/8/2022 07:26;12
763;17/8/2022 08:24;13
764;17/8/2022 11:02;5
765;17/8/2022 10:48;4
766;17/8/2022 10:19;12
767;17/8/2022 12:00;5
768;18/8/2022 10:48;11
769;18/8/2022 07:12;11
770;19/8/2022 07:40;4
771;20/8/2022 08:52;2
772;20/8/2022 10:48;5
773;20/8/2022 07:40;10
774;20/8/2022 11:31;1
775;20/8/2022 10:48;1
776;20/8/2022 09:21;6
777;20/8/2022 07:40;12
778;21/8/2022 09:50;10
779;21/8/2022 11:45;10
780;21/8/2022 08:52;6
781;22/8/2022 11:02;7
782;22/8/2022 08:24;9
783;22/8/2022 11:45;12
784;22/8/2022 09:21;11
785;22/8/2022 11:31;1
786;22/8/2022 11:02;9
787;23/8/2022 09:36;5
788;23/8/2022 09:07;2
789;23/8/2022 08:24;3
790;23/8/2022 10:48;13
791;23/8/2022 07:55;12
792;24/8/2022 09:07;8
793;25/8/2022 09:36;2
794;26/8/2022 10:04;12
795;25/8/2022 08:24;8
796;25/8/2022 08:09;10
797;25/8/2022 11:02;9
798;26/8/2022 08:38;3
799;26/8/2022 08:38;11
800;28/8/2022 07:40;7
801;28/8/2022 11:02;10
802;28/8/2022 07:40;12
803;29/8/2022 07:55;13
804;29/8/2022 08:52;1
805;30/8/2022 08:52;11
806;30/8/2022 07:12;7
807;31/8/2022 12:00;10
808;31/8/2022 10:19;3
809;31/8/2022 09:07;9
810;1/9/2022 11:16;12
811;1/9/2022 07:26;9
812;1/9/2022 09:36;3
813;1/9/2022 09:21;1
814;1/9/2022 11:45;8
815;1/9/2022 11:45;3
816;2/9/2022 07:40;5
817;3/9/2022 10:33;7
818;3/9/2022 11:02;12
819;4/9/2022 10:48;10
820;4/9/2022 10:48;13
821;4/9/2022 10:48;4
822;4/9/2022 11:45;11
823;5/9/2022 07:40;3
824;6/9/2022 10:04;9
825;5/9/2022 09:07;9
826;5/9/2022 11:31;1
827;5/9/2022 09:07;13
828;5/9/2022 10:04;8
829;6/9/2022 08:52;12
830;6/9/2022 08:09;2
831;6/9/2022 07:55;10
832;6/9/2022 07:12;1
833;6/9/2022 10:04;4
834;7/9/2022 08:24;12
835;8/9/2022 09:50;11
836;7/9/2022 11:16;7
837;7/9/2022 10:33;9
838;7/9/2022 11:31;11
839;7/9/2022 11:16;4
840;7/9/2022 10:48;9
841;8/9/2022 08:38;10
842;8/9/2022 08:24;8
843;8/9/2022 11:45;12
844;9/9/2022 11:16;1
845;9/9/2022 08:09;3
846;9/9/2022 09:36;2
847;9/9/2022 07:40;10
848;10/9/2022 10:04;13
849;11/9/2022 07:55;6
850;11/9/2022 08:09;7
851;11/9/2022 07:12;11
852;11/9/2022 07:40;6
853;12/9/2022 11:31;9
854;12/9/2022 10:19;2
855;13/9/2022 10:33;8
856;13/9/2022 09:36;11
857;14/9/2022 10:04;6
858;14/9/2022 09:07;8
859;14/9/2022 09:50;7
860;14/9/2022 10:48;7
861;14/9/2022 11:31;5
862;14/9/2022 07:40;2
863;15/9/2022 10:33;6
864;16/9/2022 11:31;13
865;15/9/2022 09:50;5
866;15/9/2022 11:16;6
867;15/9/2022 12:00;11
868;15/9/2022 10:33;11
869;16/9/2022 08:09;2
870;16/9/2022 11:45;13
871;16/9/2022 08:24;5
872;16/9/2022 09:36;9
873;17/9/2022 07:26;5
874;17/9/2022 08:38;4
875;17/9/2022 11:31;8
876;17/9/2022 10:48;9
877;17/9/2022 09:21;12
878;18/9/2022 07:26;13
879;17/9/2022 10:04;11
880;17/9/2022 11:16;1
881;17/9/2022 10:19;13
882;17/9/2022 10:48;9
883;18/9/2022 10:48;2
884;18/9/2022 11:16;7
885;18/9/2022 10:19;13
886;18/9/2022 08:24;5
887;19/9/2022 11:45;10
888;19/9/2022 09:36;11
889;19/9/2022 08:24;10
890;19/9/2022 08:52;9
891;19/9/2022 10:19;13
892;19/9/2022 12:00;7
893;19/9/2022 07:40;5
894;19/9/2022 12:00;4
895;20/9/2022 11:16;11
896;20/9/2022 12:00;12
897;20/9/2022 12:00;13
898;20/9/2022 11:02;10
899;21/9/2022 10:33;8
900;22/9/2022 08:38;3
901;23/9/2022 09:07;2
902;23/9/2022 08:52;7
903;23/9/2022 10:19;5
904;25/9/2022 07:40;9
905;24/9/2022 09:36;12
906;25/9/2022 08:24;4
907;24/9/2022 09:36;3
908;24/9/2022 08:09;6
909;24/9/2022 10:19;11
910;24/9/2022 08:38;10
911;24/9/2022 11:02;10
912;24/9/2022 12:00;6
913;25/9/2022 08:24;12
914;25/9/2022 07:40;2
915;25/9/2022 07:40;3
916;25/9/2022 08:09;6
917;25/9/2022 11:45;12
918;25/9/2022 10:33;13
919;25/9/2022 10:04;8
920;26/9/2022 07:40;2
921;26/9/2022 08:38;7
922;27/9/2022 11:02;10
923;27/9/2022 08:38;11
924;28/9/2022 12:00;4
925;28/9/2022 07:40;6
926;28/9/2022 10:48;3
927;28/9/2022 08:24;11
928;28/9/2022 10:19;12
929;29/9/2022 07:26;2
930;30/9/2022 11:45;7
931;30/9/2022 09:07;1
932;30/9/2022 10:33;10
933;1/10/2022 11:31;6
934;1/10/2022 09:07;7
935;1/10/2022 08:52;1
936;2/10/2022 09:36;2
937;2/10/2022 07:26;1
938;2/10/2022 10:48;4
939;2/10/2022 08:52;5
940;4/10/2022 09:36;11
941;3/10/2022 07:26;1
942;3/10/2022 07:26;7
943;4/10/2022 07:12;4
944;4/10/2022 10:48;5
945;4/10/2022 09:50;7
946;4/10/2022 09:07;13
947;5/10/2022 10:48;12
948;5/10/2022 11:31;4
949;6/10/2022 08:24;9
950;5/10/2022 07:55;1
951;5/10/2022 11:45;13
952;5/10/2022 11:16;11
953;5/10/2022 10:33;13
954;7/10/2022 07:26;13
955;7/10/2022 08:24;3
956;7/10/2022 07:55;2
957;7/10/2022 11:45;5
958;8/10/2022 09:50;6
959;8/10/2022 10:04;8
960;9/10/2022 11:02;3
961;9/10/2022 12:00;12
962;9/10/2022 10:19;13
963;9/10/2022 12:00;9
964;9/10/2022 07:40;12
965;9/10/2022 07:26;4
966;10/10/2022 07:26;2
967;10/10/2022 11:16;6
968;10/10/2022 11:16;9
969;10/10/2022 11:45;11
970;10/10/2022 11:16;12
971;11/10/2022 08:38;1
972;11/10/2022 11:02;5
973;12/10/2022 11:02;4
974;13/10/2022 07:55;2
975;13/10/2022 07:26;11
976;14/10/2022 11:16;9
977;15/10/2022 07:55;7
978;15/10/2022 09:36;3
979;16/10/2022 11:16;2
980;16/10/2022 10:04;12
981;16/10/2022 11:45;13
982;17/10/2022 11:02;1
983;17/10/2022 07:26;4
984;17/10/2022 08:52;6
985;17/10/2022 10:48;11
986;18/10/2022 11:31;10
987;18/10/2022 08:38;2
988;18/10/2022 09:07;11
989;18/10/2022 11:45;7
990;19/10/2022 07:26;4
991;19/10/2022 11:16;6
992;19/10/2022 08:52;13
993;20/10/2022 07:40;10
994;20/10/2022 11:02;3
995;21/10/2022 08:52;11
996;21/10/2022 10:48;5
997;21/10/2022 07:26;12
998;21/10/2022 09:07;1
999;22/10/2022 08:24;8
1000;22/10/2022 11:02;8
1001;22/10/2022 10:19;1
1002;23/10/2022 09:21;8
1003;23/10/2022 12:00;8
1004;23/10/2022 08:38;7
1005;23/10/2022 09:36;11
1006;24/10/2022 09:50;12
1007;24/10/2022 07:40;6
1008;24/10/2022 08:09;8
1009;24/10/2022 09:21;3
1010;24/10/2022 09:50;4
1011;24/10/2022 12:00;1
1012;26/10/2022 11:02;8
1013;25/10/2022 10:48;12
1014;25/10/2022 10:19;4
1015;25/10/2022 07:55;13
1016;25/10/2022 11:31;5
1017;27/10/2022 11:16;3
1018;26/10/2022 09:50;2
1019;27/10/2022 11:16;6
1020;27/10/2022 10:48;12
1021;27/10/2022 11:16;11
1022;27/10/2022 11:02;12
1023;27/10/2022 11:02;2
1024;28/10/2022 07:55;5
1025;28/10/2022 08:24;1
1026;28/10/2022 08:09;7
1027;29/10/2022 11:16;9
1028;30/10/2022 09:21;12
1029;30/10/2022 10:33;3
1030;30/10/2022 07:55;10
1031;30/10/2022 08:09;6
1032;31/10/2022 09:36;13
1033;31/10/2022 10:48;4
1034;31/10/2022 09:50;13
1035;31/10/2022 10:33;3
1036;31/10/2022 09:07;2
1037;31/10/2022 07:12;4
1038;31/10/2022 09:50;6
1039;1/11/2022 07:12;4
1040;2/11/2022 08:38;10
1041;2/11/2022 09:07;9
1042;2/11/2022 09:07;1
1043;2/11/2022 07:26;12
1044;2/11/2022 07:12;13
1045;3/11/2022 09:21;4
1046;3/11/2022 11:16;7
1047;3/11/2022 07:12;11
1048;3/11/2022 08:09;12
1049;3/11/2022 10:33;9
1050;3/11/2022 08:24;6
1051;4/11/2022 08:24;12
1052;6/11/2022 11:16;7
1053;5/11/2022 09:36;13
1054;6/11/2022 08:24;10
1055;6/11/2022 08:09;13
1056;6/11/2022 10:19;1
1057;8/11/2022 08:09;13
1058;8/11/2022 08:24;7
1059;8/11/2022 08:38;10
1060;8/11/2022 09:21;4
1061;9/11/2022 09:07;2
1062;9/11/2022 09:36;5
1063;9/11/2022 07:26;12
1064;9/11/2022 11:02;11
1065;10/11/2022 11:16;6
1066;10/11/2022 07:26;11
1067;10/11/2022 11:31;3
1068;10/11/2022 08:09;2
1069;10/11/2022 09:50;12
1070;11/11/2022 08:09;6
1071;11/11/2022 10:19;7
1072;11/11/2022 10:48;3
1073;12/11/2022 10:19;2
1074;12/11/2022 11:31;4
1075;12/11/2022 10:19;12
1076;13/11/2022 07:12;13
1077;13/11/2022 09:21;11
1078;13/11/2022 11:02;7
1079;13/11/2022 08:52;1
1080;16/11/2022 09:50;3
1081;15/11/2022 09:21;10
1082;15/11/2022 10:33;3
1083;16/11/2022 10:19;2
1084;16/11/2022 09:50;13
1085;16/11/2022 07:40;6
1086;16/11/2022 07:12;4
1087;16/11/2022 10:19;5
1088;16/11/2022 11:02;11
1089;17/11/2022 07:55;7
1090;18/11/2022 11:16;2
1091;17/11/2022 09:50;11
1092;17/11/2022 07:40;8
1093;17/11/2022 07:55;4
1094;17/11/2022 08:24;5
1095;17/11/2022 10:33;2
1096;18/11/2022 07:26;7
1097;18/11/2022 09:50;4
1098;18/11/2022 07:26;8
1099;18/11/2022 09:07;3
1100;20/11/2022 12:00;12
1101;20/11/2022 10:04;13
1102;20/11/2022 11:16;1
1103;20/11/2022 07:26;12
1104;21/11/2022 08:09;10
1105;21/11/2022 07:55;11
1106;21/11/2022 08:52;5
1107;22/11/2022 11:16;3
1108;22/11/2022 11:45;6
1109;22/11/2022 07:40;4
1110;22/11/2022 08:52;1
1111;22/11/2022 10:04;6
1112;23/11/2022 10:33;5
1113;23/11/2022 11:31;12
1114;23/11/2022 08:52;9
1115;23/11/2022 09:50;8
1116;23/11/2022 07:40;11
1117;23/11/2022 11:02;6
1118;23/11/2022 09:07;5
1119;24/11/2022 08:38;2
1120;24/11/2022 09:21;3
1121;24/11/2022 10:48;2
1122;24/11/2022 11:02;10
1123;24/11/2022 07:12;5
1124;25/11/2022 09:21;9
1125;25/11/2022 09:50;1
1126;25/11/2022 08:52;5
1127;26/11/2022 07:26;4
1128;27/11/2022 10:04;9
1129;27/11/2022 11:31;7
1130;28/11/2022 11:31;11
1131;28/11/2022 08:24;2
1132;28/11/2022 11:31;13
1133;28/11/2022 11:31;8
1134;29/11/2022 09:21;1
1135;30/11/2022 10:48;5
1136;29/11/2022 07:40;2
1137;29/11/2022 11:02;4
1138;30/11/2022 09:36;5
1139;30/11/2022 09:36;1
1140;30/11/2022 10:33;7
1141;30/11/2022 09:50;13
1142;1/12/2022 08:38;10
1143;1/12/2022 08:24;5
1144;2/12/2022 08:24;2
1145;3/12/2022 10:19;6
1146;3/12/2022 08:52;8
1147;2/12/2022 11:16;11
1148;2/12/2022 09:21;5
1149;2/12/2022 10:48;9
1150;2/12/2022 11:45;13
1151;2/12/2022 12:00;12
1152;3/12/2022 10:48;4
1153;4/12/2022 08:09;1
1154;4/12/2022 10:48;12
1155;5/12/2022 11:45;8
1156;5/12/2022 07:26;7
1157;5/12/2022 07:26;3
1158;6/12/2022 08:52;11
1159;6/12/2022 10:19;7
1160;7/12/2022 09:07;12
1161;7/12/2022 10:48;3
1162;7/12/2022 10:19;12
1163;7/12/2022 10:04;5
1164;7/12/2022 08:38;11
1165;8/12/2022 08:24;8
1166;8/12/2022 09:21;11
1167;8/12/2022 10:48;3
1168;10/12/2022 11:16;2
1169;10/12/2022 08:24;1
1170;10/12/2022 08:52;9
1171;10/12/2022 10:19;2
1172;10/12/2022 09:50;8
1173;10/12/2022 08:24;5
1174;10/12/2022 09:36;3
1175;11/12/2022 11:45;10
1176;11/12/2022 08:24;11
1177;12/12/2022 10:33;13
1178;12/12/2022 11:31;7
1179;13/12/2022 08:38;8
1180;13/12/2022 09:36;9
1181;13/12/2022 10:19;13
1182;13/12/2022 10:04;8
1183;13/12/2022 07:40;4
1184;14/12/2022 08:38;11
1185;14/12/2022 10:04;1
1186;14/12/2022 09:36;11
1187;15/12/2022 08:24;7
1188;15/12/2022 10:04;3
1189;16/12/2022 11:02;13
1190;18/12/2022 10:33;11
1191;18/12/2022 07:12;7
1192;18/12/2022 07:26;10
1193;18/12/2022 08:24;9
1194;18/12/2022 08:24;4
1195;19/12/2022 09:07;9
1196;19/12/2022 08:52;11
1197;19/12/2022 07:26;4
1198;19/12/2022 10:33;1
1199;20/12/2022 07:40;13
1200;20/12/2022 09:07;8
1201;20/12/2022 12:00;6
1202;21/12/2022 11:02;5
1203;22/12/2022 09:07;12
1204;22/12/2022 10:04;12
1205;22/12/2022 08:24;5
1206;24/12/2022 10:04;13
1207;23/12/2022 07:12;8
1208;25/12/2022 12:00;7
1209;25/12/2022 07:26;3
1210;25/12/2022 07:12;9
1211;25/12/2022 10:33;7
1212;26/12/2022 10:19;11
1213;26/12/2022 09:50;12
1214;27/12/2022 08:38;2
1215;26/12/2022 10:33;3
1216;27/12/2022 08:38;11
1217;28/12/2022 09:50;7
1218;28/12/2022 11:02;8
1219;28/12/2022 09:21;9
1220;28/12/2022 11:16;2
1221;28/12/2022 12:00;6
1222;28/12/2022 11:45;10
1223;28/12/2022 07:12;1
1224;29/12/2022 08:52;9
1225;29/12/2022 07:40;13
1226;30/12/2022 08:38;9
1227;31/12/2022 12:00;13
1228;31/12/2022 07:55;5
1229;1/1/2023 10:19;3
1230;1/1/2023 11:02;10
1231;1/1/2023 11:16;11
1232;1/1/2023 09:50;3
1233;2/1/2023 09:21;7
1234;2/1/2023 11:45;12
1235;1/1/2023 07:55;10
1236;2/1/2023 11:16;5
1237;2/1/2023 10:33;7
1238;3/1/2023 07:26;6
1239;3/1/2023 08:38;4
1240;3/1/2023 07:26;8
1241;3/1/2023 07:26;9
1242;3/1/2023 10:48;6
1243;4/1/2023 07:55;3
1244;4/1/2023 11:45;1
1245;5/1/2023 11:31;6
1246;5/1/2023 08:38;8
1247;5/1/2023 07:12;7
1248;5/1/2023 07:55;9
1249;5/1/2023 10:19;7
1250;6/1/2023 11:31;5
1251;7/1/2023 07:26;8
1252;7/1/2023 07:55;13
1253;7/1/2023 11:31;12
1254;7/1/2023 09:50;1
1255;8/1/2023 11:45;6
1256;8/1/2023 11:45;5
1257;8/1/2023 08:52;10
1258;8/1/2023 11:16;12
1259;9/1/2023 11:45;4
1260;9/1/2023 09:21;1
1261;10/1/2023 10:48;2
1262;11/1/2023 08:52;1
1263;10/1/2023 09:50;7
1264;10/1/2023 11:45;8
1265;11/1/2023 10:33;12
1266;11/1/2023 08:38;8
1267;11/1/2023 11:31;5
1268;12/1/2023 11:02;2
1269;12/1/2023 07:40;6
1270;12/1/2023 10:04;13
1271;12/1/2023 07:55;13
1272;12/1/2023 10:19;2
1273;12/1/2023 12:00;6
1274;13/1/2023 07:12;10
1275;14/1/2023 07:26;5
1276;14/1/2023 11:02;12
1277;14/1/2023 11:31;9
1278;14/1/2023 09:36;11
1279;14/1/2023 07:55;8
1280;15/1/2023 10:19;1
1281;15/1/2023 08:24;12
1282;15/1/2023 09:07;10
1283;16/1/2023 08:38;12
1284;17/1/2023 10:04;6
1285;16/1/2023 08:24;10
1286;18/1/2023 09:50;2
1287;18/1/2023 10:33;3
1288;18/1/2023 07:55;9
1289;19/1/2023 09:36;10
1290;19/1/2023 09:07;8
1291;19/1/2023 07:26;1
1292;19/1/2023 07:40;2
1293;19/1/2023 11:02;11
1294;19/1/2023 09:50;10
1295;19/1/2023 11:02;6
1296;19/1/2023 10:19;13
1297;20/1/2023 10:48;10
1298;20/1/2023 10:33;7
1299;21/1/2023 07:55;13
1300;21/1/2023 11:16;3
1301;21/1/2023 09:21;11
1302;22/1/2023 09:21;10
1303;22/1/2023 11:16;12
1304;22/1/2023 08:09;6
1305;22/1/2023 07:12;9
1306;22/1/2023 08:52;5
1307;22/1/2023 09:50;13
1308;22/1/2023 08:38;12
1309;22/1/2023 07:55;8
1310;24/1/2023 11:31;5
1311;23/1/2023 08:24;4
1312;23/1/2023 10:19;3
1313;23/1/2023 08:09;13
1314;25/1/2023 09:07;9
1315;24/1/2023 08:09;3
1316;24/1/2023 09:36;8
1317;24/1/2023 10:48;4
1318;24/1/2023 11:02;11
1319;25/1/2023 08:38;6
1320;25/1/2023 09:36;11
1321;26/1/2023 12:00;7
1322;26/1/2023 11:02;3
1323;26/1/2023 08:52;10
1324;27/1/2023 08:38;6
1325;27/1/2023 11:02;13
1326;27/1/2023 11:16;11
1327;27/1/2023 11:45;9
1328;28/1/2023 08:38;8
1329;28/1/2023 08:24;4
1330;28/1/2023 08:09;9
1331;28/1/2023 09:07;5
1332;28/1/2023 09:21;1
1333;28/1/2023 12:00;13
1334;29/1/2023 07:26;1
1335;29/1/2023 09:07;2
1336;29/1/2023 08:52;4
1337;30/1/2023 09:36;5
1338;30/1/2023 09:50;10
1339;31/1/2023 11:02;8
1340;31/1/2023 11:02;2
1341;31/1/2023 10:48;1
1342;1/2/2023 12:00;6
1343;1/2/2023 07:40;13
1344;2/2/2023 08:09;9
1345;2/2/2023 07:40;5
1346;3/2/2023 08:09;4
1347;3/2/2023 09:07;5
1348;3/2/2023 10:19;11
1349;4/2/2023 08:24;10
1350;5/2/2023 07:40;12
1351;6/2/2023 09:21;13
1352;6/2/2023 11:45;6
1353;6/2/2023 12:00;10
1354;7/2/2023 09:21;3
1355;7/2/2023 09:50;3
1356;7/2/2023 10:33;7
1357;7/2/2023 10:04;13
1358;8/2/2023 10:48;5
1359;8/2/2023 07:40;6
1360;8/2/2023 08:24;9
1361;8/2/2023 10:33;4
1362;8/2/2023 09:21;1
1363;8/2/2023 07:55;13
1364;9/2/2023 08:24;10
1365;9/2/2023 07:55;7
1366;9/2/2023 08:09;4
1367;11/2/2023 10:33;1
1368;11/2/2023 07:55;8
1369;12/2/2023 11:02;11
1370;13/2/2023 07:26;11
1371;14/2/2023 07:55;8
1372;13/2/2023 07:26;6
1373;13/2/2023 07:12;1
1374;14/2/2023 07:55;5
1375;14/2/2023 08:24;4
1376;14/2/2023 07:26;7
1377;15/2/2023 12:00;9
1378;15/2/2023 07:55;6
1379;15/2/2023 07:12;10
1380;15/2/2023 08:09;1
1381;15/2/2023 11:02;11
1382;15/2/2023 07:55;7
1383;15/2/2023 12:00;6
1384;16/2/2023 10:33;13
1385;16/2/2023 08:38;12
1386;18/2/2023 09:07;5
1387;17/2/2023 08:24;11
1388;18/2/2023 11:02;3
1389;18/2/2023 08:38;10
1390;19/2/2023 11:45;2
1391;20/2/2023 09:50;5
1392;20/2/2023 10:48;4
1393;20/2/2023 11:16;13
1394;20/2/2023 08:09;2
1395;21/2/2023 09:36;12
1396;22/2/2023 12:00;4
1397;22/2/2023 08:38;2
1398;22/2/2023 07:40;3
1399;23/2/2023 10:04;8
1400;23/2/2023 11:16;13
1401;24/2/2023 08:24;9
1402;24/2/2023 11:45;6
1403;24/2/2023 08:09;7
1404;24/2/2023 09:36;2
1405;25/2/2023 08:52;7
1406;26/2/2023 11:31;6
1407;27/2/2023 09:07;13
1408;28/2/2023 11:31;2
1409;28/2/2023 07:26;3
1410;28/2/2023 07:12;11
1411;28/2/2023 11:16;13
1412;28/2/2023 08:09;10
1413;28/2/2023 09:50;3
1414;1/3/2023 08:24;8
1415;3/3/2023 11:31;11
1416;4/3/2023 09:50;7
1417;4/3/2023 11:02;8
1418;4/3/2023 09:50;9
1419;5/3/2023 07:12;10
1420;6/3/2023 08:09;5
1421;6/3/2023 10:19;4
1422;6/3/2023 08:24;11
1423;6/3/2023 11:31;7
1424;7/3/2023 07:12;10
1425;7/3/2023 10:48;2
1426;8/3/2023 11:45;10
1427;9/3/2023 11:02;1
1428;9/3/2023 11:31;7
1429;9/3/2023 11:16;1
1430;10/3/2023 07:55;13
1431;10/3/2023 08:52;2
1432;10/3/2023 12:00;5
1433;10/3/2023 07:40;2
1434;11/3/2023 08:38;11
1435;11/3/2023 08:09;3
1436;11/3/2023 08:24;6
1437;11/3/2023 08:38;7
1438;12/3/2023 11:16;3
1439;13/3/2023 07:55;5
1440;12/3/2023 08:24;6
1441;12/3/2023 10:33;12
1442;12/3/2023 11:45;6
1443;13/3/2023 09:07;2
1444;13/3/2023 11:31;12
1445;13/3/2023 09:21;7
1446;14/3/2023 07:40;6
1447;14/3/2023 10:48;8
1448;14/3/2023 11:31;9
1449;15/3/2023 07:26;8
1450;14/3/2023 07:55;12
1451;15/3/2023 08:24;6
1452;15/3/2023 07:40;13
1453;15/3/2023 09:50;2
1454;15/3/2023 10:48;2
1455;16/3/2023 08:09;1
1456;15/3/2023 10:48;2
1457;16/3/2023 09:21;5
1458;16/3/2023 09:36;9
1459;16/3/2023 10:33;1
1460;16/3/2023 10:33;11
1461;16/3/2023 08:38;6
1462;17/3/2023 07:55;7
1463;17/3/2023 10:04;3
1464;17/3/2023 11:16;7
1465;17/3/2023 10:33;10
1466;17/3/2023 12:00;13
1467;18/3/2023 09:21;8
1468;19/3/2023 08:09;1
1469;18/3/2023 10:33;9
1470;19/3/2023 10:04;6
1471;19/3/2023 10:19;5
1472;19/3/2023 09:21;11
1473;20/3/2023 11:16;1
1474;20/3/2023 10:33;13
1475;21/3/2023 09:07;4
1476;21/3/2023 08:38;12
1477;21/3/2023 09:07;4
1478;21/3/2023 10:04;6
1479;22/3/2023 11:45;9
1480;22/3/2023 09:50;9
1481;22/3/2023 10:04;6
1482;22/3/2023 10:19;3
1483;22/3/2023 08:52;6
1484;22/3/2023 08:09;11
1485;23/3/2023 12:00;10
1486;23/3/2023 07:26;8
1487;23/3/2023 11:16;4
1488;24/3/2023 07:55;3
1489;24/3/2023 09:21;2
1490;24/3/2023 08:09;3
1491;24/3/2023 09:50;11
1492;24/3/2023 12:00;7
1493;25/3/2023 07:40;8
1494;25/3/2023 11:31;2
1495;25/3/2023 09:50;4
1496;25/3/2023 11:45;10
1497;25/3/2023 09:50;3
1498;26/3/2023 08:38;13
1499;26/3/2023 08:24;1
1500;26/3/2023 08:09;7
1501;27/3/2023 11:16;3
1502;27/3/2023 07:26;10
1503;27/3/2023 11:16;9
1504;27/3/2023 09:07;7
1505;27/3/2023 10:19;5
1506;27/3/2023 10:48;5
1507;27/3/2023 11:16;4
1508;27/3/2023 07:40;13
1509;28/3/2023 10:04;8
1510;28/3/2023 09:21;12
1511;28/3/2023 11:16;7
1512;28/3/2023 09:21;1
1513;28/3/2023 11:16;9
1514;29/3/2023 09:50;5
1515;29/3/2023 07:12;12
1516;29/3/2023 07:55;4
1517;29/3/2023 11:16;7
1518;30/3/2023 11:02;3
1519;30/3/2023 09:21;4
1520;31/3/2023 08:09;10
1521;31/3/2023 07:26;11
1522;31/3/2023 08:24;12
1523;31/3/2023 11:16;12
1524;1/4/2023 11:45;5
1525;1/4/2023 11:02;9
1526;1/4/2023 08:52;10
1527;1/4/2023 10:19;6
1528;1/4/2023 07:55;9
1529;1/4/2023 11:31;1
1530;2/4/2023 07:55;12
1531;3/4/2023 09:07;9
1532;5/4/2023 07:40;8
1533;4/4/2023 08:24;7
1534;4/4/2023 08:38;3
1535;4/4/2023 07:12;4
1536;5/4/2023 11:02;7
1537;5/4/2023 10:19;9
1538;6/4/2023 10:33;6
1539;6/4/2023 07:40;7
1540;6/4/2023 08:24;10
1541;6/4/2023 08:38;1
1542;6/4/2023 08:38;3
1543;7/4/2023 08:38;13
1544;7/4/2023 07:26;9
1545;7/4/2023 11:45;6
1546;7/4/2023 09:07;1
1547;7/4/2023 10:04;7
1548;8/4/2023 09:21;2
1549;8/4/2023 11:16;2
1550;8/4/2023 09:21;6
1551;8/4/2023 10:19;6
1552;9/4/2023 08:52;5
1553;9/4/2023 11:16;6
1554;9/4/2023 10:19;12
1555;9/4/2023 12:00;8
1556;9/4/2023 07:26;2
1557;9/4/2023 09:36;7
1558;10/4/2023 09:21;3
1559;10/4/2023 07:26;9
1560;10/4/2023 11:02;8
1561;11/4/2023 09:50;8
1562;12/4/2023 08:38;1
1563;11/4/2023 09:07;11
1564;11/4/2023 10:48;4
1565;12/4/2023 10:04;2
1566;12/4/2023 07:12;12
1567;12/4/2023 10:33;5
1568;12/4/2023 10:48;11
1569;12/4/2023 08:52;13
1570;12/4/2023 11:16;3
1571;12/4/2023 10:33;2
1572;13/4/2023 07:40;3
1573;14/4/2023 08:24;1
1574;14/4/2023 08:52;8
1575;14/4/2023 07:55;7
1576;14/4/2023 07:55;2
1577;14/4/2023 07:55;8
1578;15/4/2023 10:33;11
1579;15/4/2023 08:38;4
1580;15/4/2023 09:07;2
1581;15/4/2023 09:36;5
1582;16/4/2023 08:38;11
1583;16/4/2023 07:55;11
1584;16/4/2023 12:00;6
1585;16/4/2023 10:04;12
1586;18/4/2023 08:24;11
1587;17/4/2023 10:04;10
1588;17/4/2023 11:16;5
1589;17/4/2023 12:00;4
1590;17/4/2023 07:40;12
1591;17/4/2023 07:55;7
1592;17/4/2023 09:50;10
1593;17/4/2023 09:50;6
1594;18/4/2023 11:16;8
1595;18/4/2023 08:38;13
1596;18/4/2023 09:07;6
1597;18/4/2023 11:02;5
1598;19/4/2023 07:40;13
1599;19/4/2023 12:00;9
1600;19/4/2023 10:19;10
1601;19/4/2023 11:31;8
1602;19/4/2023 11:02;2
1603;20/4/2023 09:36;1
1604;20/4/2023 08:09;9
1605;20/4/2023 08:09;1
1606;20/4/2023 07:12;7
1607;22/4/2023 11:31;6
1608;21/4/2023 10:48;3
1609;21/4/2023 11:31;7
1610;22/4/2023 08:24;9
1611;22/4/2023 09:07;6
1612;23/4/2023 11:31;12
1613;23/4/2023 09:50;6
1614;23/4/2023 09:36;10
1615;23/4/2023 10:33;2
1616;24/4/2023 08:52;3
1617;24/4/2023 10:04;13
1618;25/4/2023 10:19;11
1619;25/4/2023 09:21;8
1620;26/4/2023 08:38;1
1621;26/4/2023 09:07;1
1622;26/4/2023 08:38;9
1623;26/4/2023 07:26;7
1624;27/4/2023 07:40;5
1625;27/4/2023 08:38;3
1626;28/4/2023 07:12;4
1627;28/4/2023 11:45;1
1628;28/4/2023 11:31;10
1629;28/4/2023 11:16;2
1630;29/4/2023 11:02;6
1631;29/4/2023 07:40;6
1632;29/4/2023 09:07;8
1633;29/4/2023 08:52;5
1634;29/4/2023 07:26;3
1635;29/4/2023 09:50;2
1636;30/4/2023 07:26;1
1637;30/4/2023 10:33;10
1638;30/4/2023 11:31;2
1639;30/4/2023 09:21;3
1640;1/5/2023 08:52;4
1641;1/5/2023 08:38;7
1642;2/5/2023 11:31;5
1643;2/5/2023 07:40;1
1644;3/5/2023 08:52;11
1645;3/5/2023 10:33;9
1646;3/5/2023 07:12;7
1647;4/5/2023 08:09;5
1648;4/5/2023 10:48;2
1649;4/5/2023 11:02;1
1650;4/5/2023 08:38;7
1651;4/5/2023 09:50;8
1652;6/5/2023 11:45;10
1653;5/5/2023 10:33;7
1654;5/5/2023 07:55;8
1655;6/5/2023 10:33;13
1656;6/5/2023 07:26;11
1657;6/5/2023 09:07;5
1658;7/5/2023 10:33;1
1659;7/5/2023 09:50;8
1660;7/5/2023 11:02;7
1661;8/5/2023 11:02;3
1662;8/5/2023 07:55;4
1663;8/5/2023 07:40;11
1664;8/5/2023 09:50;12
1665;9/5/2023 10:33;6
1666;9/5/2023 08:09;9
1667;9/5/2023 12:00;2
1668;10/5/2023 10:19;3
1669;11/5/2023 08:24;10
1670;11/5/2023 11:31;2
1671;11/5/2023 09:07;7
1672;12/5/2023 09:50;5
1673;12/5/2023 11:45;11
1674;13/5/2023 07:55;2
1675;14/5/2023 12:00;5
1676;13/5/2023 10:04;12
1677;13/5/2023 08:38;11
1678;13/5/2023 11:45;1
1679;13/5/2023 09:36;4
1680;13/5/2023 09:07;2
1681;14/5/2023 09:21;13
1682;15/5/2023 09:36;7
1683;15/5/2023 07:55;6
1684;14/5/2023 07:26;8
1685;15/5/2023 10:33;2
1686;15/5/2023 08:38;2
1687;16/5/2023 07:12;8
1688;15/5/2023 08:09;4
1689;16/5/2023 08:09;9
1690;16/5/2023 07:26;1
1691;17/5/2023 07:40;13
1692;16/5/2023 11:16;6
1693;16/5/2023 07:40;4
1694;17/5/2023 07:12;2
1695;17/5/2023 11:16;6
1696;17/5/2023 08:52;5
1697;18/5/2023 08:38;12
1698;18/5/2023 08:38;3
1699;18/5/2023 11:31;11
1700;19/5/2023 11:31;2
1701;19/5/2023 07:12;8
1702;19/5/2023 11:31;3
1703;20/5/2023 10:48;12
1704;20/5/2023 10:33;13
1705;21/5/2023 10:48;13
1706;21/5/2023 10:48;2
1707;21/5/2023 11:31;9
1708;22/5/2023 09:07;3
1709;22/5/2023 10:04;12
1710;23/5/2023 08:24;2
1711;23/5/2023 08:52;3
1712;24/5/2023 09:50;12
1713;24/5/2023 09:21;11
1714;24/5/2023 10:19;8
1715;25/5/2023 07:55;13
1716;25/5/2023 12:00;12
1717;25/5/2023 11:16;2
1718;25/5/2023 07:55;10
1719;26/5/2023 09:36;9
1720;26/5/2023 09:50;13
1721;26/5/2023 11:16;11
1722;26/5/2023 10:04;13
1723;28/5/2023 09:36;2
1724;27/5/2023 08:38;10
1725;27/5/2023 11:02;9
1726;28/5/2023 07:12;9
1727;29/5/2023 10:19;1
1728;29/5/2023 07:40;5
1729;29/5/2023 12:00;3
1730;29/5/2023 07:12;12
1731;29/5/2023 10:19;4
1732;30/5/2023 08:24;1
1733;30/5/2023 10:48;11
1734;30/5/2023 10:04;4
1735;30/5/2023 09:21;11
1736;30/5/2023 08:09;1
1737;30/5/2023 10:04;5
1738;30/5/2023 07:40;7
1739;31/5/2023 07:55;2
1740;31/5/2023 08:52;1
1741;31/5/2023 11:16;4
1742;31/5/2023 11:31;7
1743;1/6/2023 07:40;11
1744;1/6/2023 11:31;12
1745;2/6/2023 11:02;5
1746;2/6/2023 09:50;2
1747;2/6/2023 07:40;7
1748;3/6/2023 12:00;10
1749;3/6/2023 11:45;5
1750;3/6/2023 09:36;2
1751;4/6/2023 09:36;6
1752;4/6/2023 07:26;6
1753;5/6/2023 11:31;11
1754;4/6/2023 11:02;5
1755;5/6/2023 11:02;13
1756;5/6/2023 11:31;7
1757;5/6/2023 08:24;10
1758;6/6/2023 10:19;10
1759;6/6/2023 07:26;5
1760;7/6/2023 11:16;9
1761;6/6/2023 11:16;4
1762;7/6/2023 09:21;12
1763;8/6/2023 07:55;10
1764;7/6/2023 12:00;8
1765;7/6/2023 11:31;2
1766;8/6/2023 10:48;1
1767;8/6/2023 09:07;6
1768;8/6/2023 09:36;11
1769;8/6/2023 07:55;9
1770;8/6/2023 07:26;13
1771;9/6/2023 07:40;13
1772;9/6/2023 11:16;5
1773;10/6/2023 11:45;10
1774;10/6/2023 12:00;2
1775;10/6/2023 08:52;6
1776;10/6/2023 07:12;9
1777;10/6/2023 07:55;5
1778;12/6/2023 09:07;6
1779;12/6/2023 11:02;9
1780;13/6/2023 11:02;11
1781;14/6/2023 09:50;6
1782;14/6/2023 11:45;11
1783;14/6/2023 07:12;9
1784;14/6/2023 11:45;8
1785;14/6/2023 08:38;7
1786;14/6/2023 12:00;11
1787;15/6/2023 10:48;6
1788;15/6/2023 08:24;3
1789;15/6/2023 10:04;10
1790;15/6/2023 09:50;2
1791;16/6/2023 11:45;11
1792;17/6/2023 12:00;1
1793;18/6/2023 08:52;7
1794;17/6/2023 10:48;8
1795;17/6/2023 08:38;3
1796;17/6/2023 10:04;10
1797;17/6/2023 09:36;4
1798;18/6/2023 08:24;2
1799;18/6/2023 07:26;3
1800;18/6/2023 08:52;11
1801;19/6/2023 09:21;8
1802;19/6/2023 11:31;7
1803;19/6/2023 09:21;5
1804;20/6/2023 07:40;12
1805;20/6/2023 08:24;10
1806;21/6/2023 08:38;7
1807;21/6/2023 10:33;13
1808;22/6/2023 11:45;9
1809;22/6/2023 09:50;1
1810;22/6/2023 09:36;1
1811;22/6/2023 09:07;10
1812;22/6/2023 10:19;8
1813;23/6/2023 11:02;3
1814;23/6/2023 10:33;6
1815;24/6/2023 08:52;1
1816;25/6/2023 09:21;13
1817;26/6/2023 07:55;10
1818;26/6/2023 09:07;6
1819;26/6/2023 09:36;12
1820;27/6/2023 10:33;1
1821;27/6/2023 11:16;13
1822;27/6/2023 07:12;11
1823;27/6/2023 08:52;2
1824;28/6/2023 08:38;5
1825;28/6/2023 11:45;8
1826;28/6/2023 07:26;5
1827;29/6/2023 11:02;3
1828;29/6/2023 10:04;2
1829;29/6/2023 07:55;8
1830;29/6/2023 10:33;11
1831;30/6/2023 08:38;12
1832;30/6/2023 11:16;8
1833;30/6/2023 10:04;12
1834;1/7/2023 09:50;11
1835;1/7/2023 11:31;9
1836;1/7/2023 09:21;12
1837;2/7/2023 11:45;8
1838;1/7/2023 10:48;3
1839;1/7/2023 11:02;5
1840;1/7/2023 08:09;9
1841;1/7/2023 10:19;8
1842;2/7/2023 08:52;12
1843;2/7/2023 07:26;6
1844;3/7/2023 11:16;1
1845;3/7/2023 11:16;10
1846;4/7/2023 07:26;7
1847;3/7/2023 09:21;13
1848;4/7/2023 10:19;3
1849;4/7/2023 07:55;1
1850;4/7/2023 11:02;8
1851;4/7/2023 09:07;7
1852;4/7/2023 08:24;13
1853;4/7/2023 07:12;10
1854;4/7/2023 08:24;2
1855;5/7/2023 10:33;6
1856;5/7/2023 08:24;7
1857;5/7/2023 10:33;8
1858;5/7/2023 10:33;1
1859;6/7/2023 11:16;12
1860;6/7/2023 09:07;10
1861;6/7/2023 07:55;6
1862;6/7/2023 10:19;12
1863;7/7/2023 09:21;7
1864;7/7/2023 07:26;6
1865;7/7/2023 11:16;8
1866;7/7/2023 08:09;12
1867;7/7/2023 08:09;3
1868;8/7/2023 07:26;6
1869;8/7/2023 11:31;9
1870;8/7/2023 08:24;1
1871;9/7/2023 07:26;10
1872;9/7/2023 12:00;4
1873;10/7/2023 10:19;6
1874;10/7/2023 10:48;9
1875;11/7/2023 09:50;7
1876;12/7/2023 07:55;5
1877;11/7/2023 12:00;12
1878;11/7/2023 11:16;13
1879;11/7/2023 08:24;8
1880;11/7/2023 09:50;7
1881;12/7/2023 12:00;3
1882;12/7/2023 09:50;1
1883;12/7/2023 10:04;1
1884;12/7/2023 07:12;13
1885;12/7/2023 08:38;7
1886;13/7/2023 07:40;12
1887;13/7/2023 09:50;2
1888;13/7/2023 07:26;3
1889;13/7/2023 12:00;10
1890;14/7/2023 08:24;9
1891;14/7/2023 10:04;5
1892;14/7/2023 08:09;1
1893;14/7/2023 07:12;8
1894;15/7/2023 09:50;7
1895;15/7/2023 07:40;5
1896;15/7/2023 09:36;3
1897;15/7/2023 07:26;6
1898;16/7/2023 11:02;7
1899;16/7/2023 10:04;1
1900;16/7/2023 08:38;11
1901;16/7/2023 07:40;3
1902;17/7/2023 10:19;13
1903;17/7/2023 11:31;3
1904;18/7/2023 09:07;2
1905;18/7/2023 08:38;12
1906;19/7/2023 10:04;4
1907;19/7/2023 11:45;6
1908;19/7/2023 08:38;7
1909;19/7/2023 10:04;11
1910;19/7/2023 10:33;8
1911;19/7/2023 07:40;9
1912;20/7/2023 10:19;10
1913;20/7/2023 07:26;3
1914;21/7/2023 09:07;7
1915;21/7/2023 07:55;1
1916;21/7/2023 07:55;6
1917;21/7/2023 07:12;8
1918;22/7/2023 08:24;3
1919;22/7/2023 07:26;7
1920;22/7/2023 08:09;8
1921;22/7/2023 10:04;3
1922;23/7/2023 11:02;10
1923;23/7/2023 11:02;9
1924;23/7/2023 09:07;12
1925;23/7/2023 11:02;6
1926;25/7/2023 10:33;1
1927;25/7/2023 07:40;8
1928;25/7/2023 10:19;5
1929;26/7/2023 07:40;8
1930;26/7/2023 09:50;4
1931;28/7/2023 07:40;6
1932;27/7/2023 10:04;2
1933;27/7/2023 10:19;11
1934;27/7/2023 07:55;5
1935;27/7/2023 11:45;2
1936;27/7/2023 07:40;8
1937;28/7/2023 09:07;11
1938;28/7/2023 10:48;9
1939;29/7/2023 11:31;4
1940;30/7/2023 10:33;10
1941;30/7/2023 07:26;6
1942;30/7/2023 09:07;9
1943;30/7/2023 10:48;7
1944;30/7/2023 07:55;2
1945;30/7/2023 08:52;4
1946;31/7/2023 11:16;3
1947;31/7/2023 10:33;13
1948;1/8/2023 07:26;12
1949;1/8/2023 07:12;11
1950;1/8/2023 10:48;7
1951;1/8/2023 09:21;8
1952;1/8/2023 07:55;13
1953;2/8/2023 08:52;12
1954;2/8/2023 11:16;11
1955;2/8/2023 10:04;1
1956;2/8/2023 11:45;12
1957;3/8/2023 09:36;5
1958;3/8/2023 07:26;8
1959;4/8/2023 11:02;1
1960;4/8/2023 10:19;10
1961;4/8/2023 07:12;1
1962;5/8/2023 09:50;12
1963;5/8/2023 10:33;11
1964;5/8/2023 08:38;5
1965;6/8/2023 08:38;3
1966;6/8/2023 11:31;8
1967;6/8/2023 11:45;9
1968;6/8/2023 11:16;4
1969;6/8/2023 07:12;10
1970;6/8/2023 08:52;4
1971;7/8/2023 11:31;2
1972;7/8/2023 08:24;11
1973;7/8/2023 11:31;3
1974;7/8/2023 08:52;13
1975;7/8/2023 10:19;1
1976;8/8/2023 10:19;10
1977;8/8/2023 08:52;7
1978;8/8/2023 10:04;11
1979;9/8/2023 11:16;12
1980;9/8/2023 09:21;5
1981;9/8/2023 07:40;6
1982;9/8/2023 07:40;11
1983;10/8/2023 11:16;5
1984;10/8/2023 08:38;4
1985;10/8/2023 09:36;8
1986;10/8/2023 11:16;9
1987;10/8/2023 09:50;5
1988;11/8/2023 08:52;1
1989;11/8/2023 07:26;11
1990;11/8/2023 07:12;10
1991;12/8/2023 10:04;9
1992;12/8/2023 08:09;5
1993;12/8/2023 08:24;4
1994;12/8/2023 10:48;7
1995;13/8/2023 09:50;2
1996;13/8/2023 08:52;5
1997;14/8/2023 10:33;2
1998;14/8/2023 11:02;6
1999;14/8/2023 11:45;4
2000;15/8/2023 07:12;8
2001;16/8/2023 10:33;4
2002;16/8/2023 09:36;13
2003;16/8/2023 10:33;9
2004;17/8/2023 10:48;10
2005;17/8/2023 11:31;12
2006;18/8/2023 09:21;4
2007;18/8/2023 07:12;8
2008;18/8/2023 11:45;3
2009;18/8/2023 07:12;9
2010;18/8/2023 11:31;7
2011;20/8/2023 07:26;4
2012;19/8/2023 09:50;8
2013;19/8/2023 09:50;11
2014;19/8/2023 09:50;12
2015;19/8/2023 07:55;11
2016;20/8/2023 10:33;7
2017;20/8/2023 11:16;4
2018;20/8/2023 11:45;12
2019;20/8/2023 08:52;1
2020;21/8/2023 10:04;4
2021;21/8/2023 10:19;13
2022;21/8/2023 10:04;2
2023;22/8/2023 08:38;3
2024;22/8/2023 09:07;4
2025;22/8/2023 08:24;13
2026;22/8/2023 11:02;1
2027;22/8/2023 10:19;2
2028;23/8/2023 08:09;8
2029;24/8/2023 09:21;3
2030;24/8/2023 07:26;9
2031;24/8/2023 07:40;10
2032;24/8/2023 07:40;7
2033;24/8/2023 07:12;6
2034;24/8/2023 08:09;6
2035;24/8/2023 11:31;1
2036;24/8/2023 11:31;4
2037;25/8/2023 09:50;9
2038;24/8/2023 11:31;12
2039;25/8/2023 10:33;1
2040;25/8/2023 08:09;6
2041;25/8/2023 11:02;5
2042;25/8/2023 07:26;2
2043;25/8/2023 09:07;5
2044;26/8/2023 10:48;10
2045;26/8/2023 11:02;13
2046;26/8/2023 10:04;11
2047;28/8/2023 08:38;2
2048;28/8/2023 10:48;13
2049;28/8/2023 08:09;7
2050;29/8/2023 08:24;11
2051;29/8/2023 07:26;10
2052;29/8/2023 11:02;6
2053;29/8/2023 07:55;9
2054;30/8/2023 12:00;10
2055;31/8/2023 09:36;13
2056;30/8/2023 09:36;11
2057;31/8/2023 11:02;11
2058;31/8/2023 07:12;4
2059;31/8/2023 10:33;3
2060;31/8/2023 09:50;8
2061;1/9/2023 07:55;10
2062;1/9/2023 07:26;13
2063;1/9/2023 09:07;3
2064;1/9/2023 08:52;5
2065;1/9/2023 08:24;4
2066;1/9/2023 09:21;10
2067;1/9/2023 07:55;6
2068;2/9/2023 10:04;1
2069;2/9/2023 07:12;7
2070;2/9/2023 07:12;8
2071;3/9/2023 08:38;11
2072;3/9/2023 10:48;1
2073;4/9/2023 08:24;12
2074;4/9/2023 07:55;11
2075;4/9/2023 10:04;8
2076;4/9/2023 09:21;12
2077;5/9/2023 11:45;10
2078;5/9/2023 11:45;6
2079;5/9/2023 07:55;9
2080;5/9/2023 10:48;11
2081;5/9/2023 09:50;7
2082;7/9/2023 07:12;8
2083;6/9/2023 12:00;12
2084;6/9/2023 10:33;5
2085;6/9/2023 12:00;1
2086;6/9/2023 10:19;2
2087;6/9/2023 09:36;6
2088;6/9/2023 10:19;12
2089;7/9/2023 10:19;4
2090;7/9/2023 08:09;3
2091;7/9/2023 07:40;10
2092;7/9/2023 10:33;4
2093;7/9/2023 11:45;8
2094;8/9/2023 11:02;5
2095;8/9/2023 11:31;7
2096;8/9/2023 10:19;10
2097;8/9/2023 09:07;1
2098;8/9/2023 11:16;5
2099;9/9/2023 08:09;9
2100;9/9/2023 10:33;9
2101;11/9/2023 10:33;6
2102;10/9/2023 09:21;13
2103;11/9/2023 08:52;7
2104;11/9/2023 08:09;10
2105;12/9/2023 07:55;9
2106;12/9/2023 12:00;12
2107;11/9/2023 11:31;10
2108;12/9/2023 08:38;12
2109;12/9/2023 09:07;1
2110;12/9/2023 11:16;4
2111;12/9/2023 09:36;5
2112;13/9/2023 10:19;8
2113;13/9/2023 09:07;1
2114;13/9/2023 08:24;13
2115;13/9/2023 11:16;3
2116;13/9/2023 09:21;2
2117;14/9/2023 07:55;8
2118;14/9/2023 11:45;10
2119;14/9/2023 07:40;8
2120;14/9/2023 07:40;1
2121;15/9/2023 11:31;5
2122;15/9/2023 11:16;6
2123;16/9/2023 08:09;4
2124;17/9/2023 11:31;2
2125;16/9/2023 11:02;13
2126;17/9/2023 07:55;4
2127;17/9/2023 11:31;12
2128;17/9/2023 07:40;6
2129;17/9/2023 08:52;2
2130;17/9/2023 09:21;6
2131;17/9/2023 09:36;13
2132;17/9/2023 08:38;4
2133;17/9/2023 11:45;3
2134;18/9/2023 11:45;6
2135;18/9/2023 10:48;11
2136;18/9/2023 09:21;8
2137;21/9/2023 10:48;2
2138;21/9/2023 07:55;9
2139;22/9/2023 10:33;8
2140;22/9/2023 07:55;9
2141;22/9/2023 09:07;11
2142;22/9/2023 08:38;7
2143;22/9/2023 09:21;12
2144;22/9/2023 08:38;10
2145;23/9/2023 08:52;1
2146;23/9/2023 08:09;8
2147;23/9/2023 10:04;3
2148;24/9/2023 09:07;5
2149;24/9/2023 09:50;13
2150;24/9/2023 11:31;6
2151;25/9/2023 07:40;5
2152;25/9/2023 08:09;1
2153;25/9/2023 09:07;2
2154;25/9/2023 11:45;12
2155;26/9/2023 11:02;7
2156;26/9/2023 11:31;2
2157;26/9/2023 09:07;4
2158;27/9/2023 07:12;10
2159;27/9/2023 10:04;1
2160;27/9/2023 10:33;9
2161;28/9/2023 09:07;12
2162;29/9/2023 08:09;7
2163;29/9/2023 09:50;12
2164;29/9/2023 08:38;9
2165;29/9/2023 08:52;5
2166;30/9/2023 07:12;8
2167;30/9/2023 08:38;2
2168;30/9/2023 10:33;12
2169;30/9/2023 11:31;11
2170;1/10/2023 10:19;3
2171;1/10/2023 09:07;6
2172;1/10/2023 11:02;4
2173;1/10/2023 07:12;4
2174;1/10/2023 09:21;11
2175;3/10/2023 08:24;7
2176;3/10/2023 12:00;2
2177;3/10/2023 10:33;9
2178;3/10/2023 09:50;7
2179;3/10/2023 09:21;3
2180;3/10/2023 07:40;12
2181;4/10/2023 10:19;10
2182;4/10/2023 12:00;6
2183;5/10/2023 08:24;11
2184;6/10/2023 08:52;3
2185;7/10/2023 08:38;13
2186;7/10/2023 10:19;9
2187;7/10/2023 10:33;5
2188;7/10/2023 08:52;1
2189;7/10/2023 08:09;7
2190;8/10/2023 10:48;9
2191;9/10/2023 11:16;1
2192;9/10/2023 10:19;3
2193;9/10/2023 11:16;4
2194;10/10/2023 10:48;7
2195;10/10/2023 11:16;1
2196;11/10/2023 11:16;10
2197;11/10/2023 09:36;8
2198;12/10/2023 11:02;4
2199;13/10/2023 08:09;5
2200;13/10/2023 11:16;12
2201;14/10/2023 12:00;10
2202;14/10/2023 09:36;11
2203;15/10/2023 10:48;7
2204;16/10/2023 07:26;3
2205;17/10/2023 11:02;1
2206;17/10/2023 10:04;5
2207;17/10/2023 10:33;9
2208;19/10/2023 10:48;2
2209;19/10/2023 11:31;3
2210;20/10/2023 11:02;2
2211;20/10/2023 10:33;11
2212;21/10/2023 10:48;6
2213;23/10/2023 11:02;11
2214;22/10/2023 09:07;3
2215;22/10/2023 11:31;4
2216;22/10/2023 10:19;10
2217;23/10/2023 11:02;5
2218;23/10/2023 09:50;4
2219;23/10/2023 11:16;12
2220;24/10/2023 10:19;2
2221;24/10/2023 10:04;10
2222;25/10/2023 09:21;3
2223;25/10/2023 08:24;13
2224;27/10/2023 07:12;13
2225;28/10/2023 08:38;5
2226;28/10/2023 10:19;10
2227;28/10/2023 09:50;7
2228;29/10/2023 11:45;11
2229;29/10/2023 11:31;12
2230;30/10/2023 07:40;8
2231;30/10/2023 10:48;7
2232;31/10/2023 09:36;1
2233;31/10/2023 08:38;4
2234;31/10/2023 09:21;2
2235;2/11/2023 07:26;5
2236;3/11/2023 08:52;6
2237;4/11/2023 11:02;3
2238;4/11/2023 08:38;10
2239;4/11/2023 09:07;2
2240;6/11/2023 12:00;4
2241;5/11/2023 11:31;6
2242;6/11/2023 12:00;13
2243;6/11/2023 08:38;1
2244;6/11/2023 09:07;5
2245;7/11/2023 11:02;7
2246;8/11/2023 11:31;4
2247;8/11/2023 07:55;2
2248;8/11/2023 08:52;6
2249;8/11/2023 09:07;3
2250;8/11/2023 10:48;12
2251;9/11/2023 11:16;9
2252;9/11/2023 09:07;1
2253;9/11/2023 08:24;12
2254;10/11/2023 10:19;11
2255;11/11/2023 11:31;8
2256;12/11/2023 09:36;7
2257;13/11/2023 11:31;11
2258;13/11/2023 09:21;4
2259;13/11/2023 11:16;3
2260;14/11/2023 11:45;10
2261;15/11/2023 09:36;2
2262;16/11/2023 10:19;4
2263;15/11/2023 10:33;13
2264;16/11/2023 10:04;8
2265;17/11/2023 10:19;9
2266;17/11/2023 10:48;11
2267;18/11/2023 09:21;3
2268;18/11/2023 08:52;10
2269;19/11/2023 09:36;13
2270;20/11/2023 08:24;2
2271;20/11/2023 08:09;9
2272;20/11/2023 08:52;12
2273;21/11/2023 07:40;5
2274;21/11/2023 11:31;2
2275;21/11/2023 10:33;6
2276;21/11/2023 09:21;11
2277;22/11/2023 07:26;7
2278;23/11/2023 09:50;2
2279;24/11/2023 11:02;8
2280;26/11/2023 08:52;13
2281;25/11/2023 08:09;5
2282;25/11/2023 07:26;7
2283;25/11/2023 08:38;12
2284;26/11/2023 07:55;1
2285;28/11/2023 08:24;12
2286;28/11/2023 07:26;3
2287;28/11/2023 10:04;4
2288;30/11/2023 09:50;5
2289;30/11/2023 07:12;10
2290;30/11/2023 07:55;1
2291;2/12/2023 08:52;12
2292;1/12/2023 08:24;10
2293;1/12/2023 08:38;2
2294;2/12/2023 11:16;10
2295;2/12/2023 07:12;6
2296;2/12/2023 10:48;12
2297;2/12/2023 12:00;9
2298;2/12/2023 09:07;5
2299;3/12/2023 08:09;5
2300;3/12/2023 09:21;2
2301;4/12/2023 09:36;6
2302;4/12/2023 11:16;3
2303;5/12/2023 10:19;5
2304;6/12/2023 11:45;8
2305;8/12/2023 09:36;2
2306;9/12/2023 07:12;2
2307;9/12/2023 09:36;5
2308;9/12/2023 08:38;3
2309;10/12/2023 09:07;4
2310;10/12/2023 11:31;6
2311;11/12/2023 07:40;6
2312;11/12/2023 07:40;1
2313;11/12/2023 07:26;4
2314;12/12/2023 10:04;13
2315;12/12/2023 07:12;7
2316;13/12/2023 10:48;9
2317;13/12/2023 11:45;2
2318;14/12/2023 09:21;4
2319;16/12/2023 07:12;11
2320;17/12/2023 09:36;12
2321;17/12/2023 10:19;1
2322;17/12/2023 09:36;10
2323;18/12/2023 08:24;7
2324;18/12/2023 11:45;13
2325;18/12/2023 09:36;8
2326;18/12/2023 09:21;1
2327;20/12/2023 07:12;3
2328;20/12/2023 07:12;2
2329;21/12/2023 08:38;8
2330;21/12/2023 08:09;7
2331;22/12/2023 07:55;3
2332;22/12/2023 07:40;13
2333;22/12/2023 07:40;5
2334;23/12/2023 08:52;1
2335;23/12/2023 10:04;8
2336;24/12/2023 11:31;8
2337;24/12/2023 09:50;4
2338;25/12/2023 09:50;10
2339;26/12/2023 07:55;7
2340;26/12/2023 08:52;12
2341;26/12/2023 07:55;9
2342;27/12/2023 11:16;6
2343;28/12/2023 11:31;10
2344;29/12/2023 11:16;13
2345;30/12/2023 08:24;9
2346;30/12/2023 09:21;7
2347;30/12/2023 07:40;5
2348;30/12/2023 07:55;12
2349;30/12/2023 10:48;11
2350;30/12/2023 11:16;2
2351;31/12/2023 07:40;11